
{
	"allowSleep" : true,
	"autoClearForces" : true,
	"body" : 
	[
		
		{
			"angle" : 0,
			"angularVelocity" : 0,
			"awake" : true,
			"fixture" : 
			[
				
				{
					"density" : 2.5,
					"friction" : 0.2,
					"name" : "fixture2",
					"polygon" : 
					{
						"vertices" : 
						{
							"x" : 
							[
								0.4748342037200928,
								0.4748342037200928,
								-0.4748343229293823,
								-0.4748343229293823
							],
							"y" : 
							[
								-0.9571170806884766,
								0.9498810768127441,
								0.9498810768127441,
								-0.9571170806884766
							]
						}
					}
				}
			],
			"linearVelocity" : 0,
			"massData-I" : 1.712417364120483,
			"massData-center" : 
			{
				"x" : -5.631007482520545e-008,
				"y" : -0.003618004964664578
			},
			"massData-mass" : 4.527540206909180,
			"name" : "WheelFrontRight",
			"position" : 
			{
				"x" : 1.825072765350342,
				"y" : 3.267703533172607
			},
			"type" : 2
		},
		
		{
			"angle" : 0,
			"angularVelocity" : 0,
			"awake" : true,
			"fixture" : 
			[
				
				{
					"density" : 2.5,
					"friction" : 0.2,
					"name" : "fixture2",
					"polygon" : 
					{
						"vertices" : 
						{
							"x" : 
							[
								0.4748343229293823,
								0.4748343229293823,
								-0.4748342037200928,
								-0.4748342037200928
							],
							"y" : 
							[
								-0.9571168422698975,
								0.9498808383941650,
								0.9498808383941650,
								-0.9571168422698975
							]
						}
					}
				}
			],
			"linearVelocity" : 0,
			"massData-I" : 1.712416410446167,
			"massData-center" : 
			{
				"x" : 5.800341185135949e-008,
				"y" : -0.003618007758632302
			},
			"massData-mass" : 4.527539253234863,
			"name" : "WheelFrontLeft",
			"position" : 
			{
				"x" : -1.825072765350342,
				"y" : 3.267706632614136
			},
			"type" : 2
		},
		
		{
			"angle" : 0,
			"angularVelocity" : 0,
			"awake" : true,
			"fixture" : 
			[
				
				{
					"density" : 2,
					"friction" : 0.2,
					"name" : "fixture1",
					"polygon" : 
					{
						"vertices" : 
						{
							"x" : 
							[
								0.6814422607421875,
								0.6814422607421875,
								-0.6814417839050293,
								-0.6814417839050293
							],
							"y" : 
							[
								-1.127355575561523,
								1.135182142257690,
								1.135182142257690,
								-1.127355575561523
							]
						}
					}
				}
			],
			"linearVelocity" : 0,
			"massData-I" : 3.585538625717163,
			"massData-center" : 
			{
				"x" : 2.360257411737621e-007,
				"y" : 0.003913275431841612
			},
			"massData-mass" : 6.167152881622315,
			"name" : "WheelRearRight",
			"position" : 
			{
				"x" : 1.847961187362671,
				"y" : -3.602225303649902
			},
			"type" : 2
		},
		
		{
			"angle" : 0,
			"angularVelocity" : 0,
			"awake" : true,
			"fixture" : 
			[
				
				{
					"density" : 2,
					"friction" : 0.2,
					"name" : "fixture1",
					"polygon" : 
					{
						"vertices" : 
						{
							"x" : 
							[
								0.6814422607421875,
								0.6814422607421875,
								-0.6814417839050293,
								-0.6814417839050293
							],
							"y" : 
							[
								-1.127356290817261,
								1.135181665420532,
								1.135181665420532,
								-1.127356290817261
							]
						}
					}
				}
			],
			"linearVelocity" : 0,
			"massData-I" : 3.58553934097290,
			"massData-center" : 
			{
				"x" : 2.337225879500693e-007,
				"y" : 0.003912677988409996
			},
			"massData-mass" : 6.167153835296631,
			"name" : "WheelRearLeft",
			"position" : 
			{
				"x" : -1.847961425781250,
				"y" : -3.602226495742798
			},
			"type" : 2
		},
		
		{
			"angle" : 0,
			"angularVelocity" : 0,
			"awake" : true,
			"fixture" : 
			[
				
				{
					"friction" : 0.2,
					"name" : "col_guard",
					"polygon" : 
					{
						"vertices" : 
						{
							"x" : [ 2.161839246749878, -2.161839246749878, -2.161839246749878 ],
							"y" : [ -4.692396163940430, 4.141305923461914, -4.692396163940430 ]
						}
					}
				},
				
				{
					"friction" : 0.2,
					"name" : "col_guard",
					"polygon" : 
					{
						"vertices" : 
						{
							"x" : [ 2.161839246749878, 2.161839246749878, -2.161839246749878 ],
							"y" : [ -4.692396163940430, 4.141305923461914, 4.141305923461914 ]
						}
					}
				},
				
				{
					"density" : 0.2,
					"friction" : 0.2,
					"name" : "fixture0",
					"polygon" : 
					{
						"vertices" : 
						{
							"x" : 
							[
								1.285865187644959,
								-0.002157853450626135,
								-1.285865187644959,
								-0.7720662355422974,
								0.7720662355422974
							],
							"y" : 
							[
								-0.2115491777658463,
								3.987575292587280,
								-0.2115491777658463,
								-2.577409267425537,
								-2.577409267425537
							]
						}
					}
				},
				
				{
					"density" : 0.2,
					"friction" : 0.2,
					"name" : "fixture0",
					"polygon" : 
					{
						"vertices" : 
						{
							"x" : 
							[
								0.7720662355422974,
								-0.7720662355422974,
								-0.5822902917861939,
								0.0,
								0.5822902917861939
							],
							"y" : 
							[
								-2.577409267425537,
								-2.577409267425537,
								-3.724752426147461,
								-4.445127010345459,
								-3.724752426147461
							]
						}
					}
				}
			],
			"linearVelocity" : 0,
			"name" : "MainBody",
			"position" : 0,
			"type" : 2
		}
	],
	"collisionbitplanes" : 
	{
		"names" : 
		[
			"bitplane1",
			"bitplane2",
			"bitplane3",
			"bitplane4",
			"bitplane5",
			"bitplane6",
			"bitplane7",
			"bitplane8",
			"bitplane9",
			"bitplane10",
			"bitplane11",
			"bitplane12",
			"bitplane13",
			"bitplane14",
			"bitplane15",
			"bitplane16",
			"bitplane17",
			"bitplane18",
			"bitplane19",
			"bitplane20",
			"bitplane21",
			"bitplane22",
			"bitplane23",
			"bitplane24",
			"bitplane25",
			"bitplane26",
			"bitplane27",
			"bitplane28",
			"bitplane29",
			"bitplane30",
			"bitplane31",
			"bitplane32"
		]
	},
	"continuousPhysics" : true,
	"gravity" : 
	{
		"x" : 0,
		"y" : -10
	},
	"image" : 
	[
		
		{
			"aspectScale" : 1,
			"body" : 3,
			"center" : 
			{
				"x" : 4.324465407989919e-008,
				"y" : -9.285156465921318e-008
			},
			"corners" : 
			{
				"x" : 
				[
					-0.6785389184951782,
					0.6785390377044678,
					0.6785390377044678,
					-0.6785389184951782
				],
				"y" : 
				[
					-1.130898356437683,
					-1.130898356437683,
					1.130898118019104,
					1.130898118019104
				]
			},
			"file" : "buggy_bigger/RearWheel.png",
			"filter" : 1,
			"glDrawElements" : [ 0, 1, 2, 2, 3, 0 ],
			"glTexCoordPointer" : [ 0.0, 0.0, 1, 0.0, 1, 1, 0.0, 1 ],
			"glVertexPointer" : 
			[
				-0.6785389184951782,
				-1.130898356437683,
				0.6785390377044678,
				-1.130898356437683,
				0.6785390377044678,
				1.130898118019104,
				-0.6785389184951782,
				1.130898118019104
			],
			"name" : "image2",
			"opacity" : 0.5,
			"scale" : 2.261796474456787
		},
		
		{
			"aspectScale" : 1,
			"body" : 4,
			"center" : 0,
			"corners" : 
			{
				"x" : 
				[
					-2.125703811645508,
					2.125703811645508,
					2.125703811645508,
					-2.125703811645508
				],
				"y" : 
				[
					-4.494345188140869,
					-4.494345188140869,
					4.494345188140869,
					4.494345188140869
				]
			},
			"file" : "buggy_bigger/MainBody.png",
			"filter" : 1,
			"glDrawElements" : [ 0, 1, 2, 2, 3, 0 ],
			"glTexCoordPointer" : [ 0.0, 0.0, 1, 0.0, 1, 1, 0.0, 1 ],