{
	"TrackDefinition" : 
	{
		"x" : 
		[
			-0.5,
			0.5,
			28.77013206481934,
			58.91328430175781,
			66.0910644531250,
			74.46884155273438,
			95.27816009521484,
			114.7362213134766,
			156.8953552246094,
			202.1929321289063,
			217.0346527099609,
			218.4709472656250,
			201.7141418457031,
			177.2970733642578,
			145.2197570800781,
			122.2389907836914,
			100.2157592773438,
			52.81792831420898,
			9.728991508483887,
			-4.633987903594971,
			-9.900413513183594,
			-52.03181838989258,
			-73.09751892089844,
			-58.73454284667969,
			-50.59552001953125,
			-57.77700805664063,
			-85.54543304443359,
			-127.6768417358398,
			-151.6151428222656,
			-176.5109710693359,
			-166.9356536865234,
			-145.8699493408203,
			-181.7773895263672,
			-217.2060699462891,
			-256.9436340332031,
			-281.8394775390625,
			-281.8394775390625,
			-274.179199218750,
			-234.4416351318359,
			-186.0862731933594,
			-142.0398101806641,
			-100.8659286499023,
			-83.15158843994141,
			-64.47972106933594,
			-32.40240097045898,
			-18.99695205688477
		],
		"y" : 
		[
			0.0,
			0.0,
			3.720317602157593,
			20.56839179992676,
			43.28502273559570,
			51.66279983520508,
			43.82552337646484,
			15.17893028259277,
			9.773913383483887,
			35.86478042602539,
			71.29344177246094,
			113.9036178588867,
			148.8535308837891,
			195.2938232421875,
			224.4985504150391,
			262.3210754394531,
			291.5257873535156,
			296.3134460449219,
			275.2477416992188,
			219.7108917236328,
			172.3130645751953,
			173.2705993652344,
			201.0390167236328,
			233.5951080322266,
			256.0971069335938,
			280.9929504394531,
			294.8771362304688,
			293.9196166992188,
			279.5566406250,
			234.5526428222656,
			168.0041656494141,
			121.5638732910156,
			99.54063415527344,
			124.9152297973633,
			110.5522689819336,
			70.33592224121094,
			44.00379562377930,
			-1.478969573974609,
			-36.42888641357422,
			-48.87680053710938,
			-39.30147933959961,
			-22.06590652465820,
			8.096349716186523,
			34.42847824096680,
			22.93809509277344,
			12.88400936126709
		]
	}
}