{
	"x" : 
		[
			0.1993560791015625,
			59.88769149780273,
			95.00479125976563,
			118.7407073974609,
			118.9845123291016,
			52.27520370483398,
			9.093914031982422,
			-48.38356399536133,
			-79.94084167480469,
			-19.62037277221680
		],
		"y" : 
		[
			-0.2054095268249512,
			-10.31284523010254,
			9.383741378784180,
			40.28486251831055,
			124.1324005126953,
			157.8999328613281,
			113.2074737548828,
			126.4563140869141,
			56.06810379028320,
			9.237455368041992
		]
}