{
	"x" : 
	[
		-22.99719619750977,
		36.69113922119141,
		71.80824279785156,
		95.54415130615234,
		95.78796386718750,
		29.07865142822266,
		-14.10263824462891,
		-71.58011627197266,
		-103.1373901367188,
		-42.81692504882813
	],
	"y" : 
	[
		-2.934417247772217,
		-13.04185295104981,
		6.654734134674072,
		37.55585479736328,
		121.4033966064453,
		155.1709289550781,
		110.4784698486328,
		123.7273101806641,
		53.33909606933594,
		6.508447170257568
	]
}